{"cameraMode":{"drawMode":0,"name":"Shaded","section":"Shading Mode"},"sceneLighting":false,"audioPlay":false,"sceneViewState":{"m_AlwaysRefresh":false,"showFog":true,"showSkybox":false,"showFlares":true,"showImageEffects":true,"showParticleSystems":true,"showVisualEffectGraphs":true,"m_FxEnabled":true},"in2DMode":false,"pivot":{"x":-8.940696716308594e-8,"y":0.06565427780151367,"z":-0.011657215654850006},"rotation":{"x":-0.37832432985305788,"y":0.05851994827389717,"z":-0.023967530578374864,"w":-0.9234886169433594},"size":0.23181664943695069,"orthographic":false}