{"cameraMode":{"drawMode":0,"name":"Shaded","section":"Shading Mode"},"sceneLighting":true,"audioPlay":false,"sceneViewState":{"m_AlwaysRefresh":false,"showFog":true,"showSkybox":true,"showFlares":true,"showImageEffects":true,"showParticleSystems":true,"showVisualEffectGraphs":true,"m_FxEnabled":true},"in2DMode":false,"pivot":{"x":-0.4602513313293457,"y":8.880911827087403,"z":-4.814101219177246},"rotation":{"x":-0.5322749614715576,"y":0.004043693654239178,"z":-0.002550713252276182,"w":-0.8465206027030945},"size":0.8660253882408142,"orthographic":false}